symbol;nazwa;produkt_aktywny;Autor;Wydawnictwo;wydanie
9788376868172;Pamiętnik 8-bitowego kota T.8 Przepowiednia;1;Kid Cube;Jaguar;2019
9788376868165;Pamiętnik 8-bitowego kota T.7 Fioletowy portal;1;Kid Cube;Jaguar;2019
9788362993383;Pamiątka z podróży;1;Joanna Kobus-Cisowska;Borgis;2019
9788323141082;Pszczele historie cz.2;1;Magdalena Baranowska;Wydawnictwo Naukowe UMK;2019
9788381165877;Bad Guys. Ekipa Złych. Odcinek 1;1;Aaron Blabey, Agnieszka Sylwanowicz;Zysk i S-ka;2019
9788381165723;Słodycze;1;Lavie Tidhar, Agnieszka Sylwanowicz;Zysk i S-ka;2019
9788380302761;System ekozarządzania i audytu (EMAS) w organizacj;1;Alina Matuszak-Flejszman;Wydawnictwo Uniwersytetu Ekonomicznego w Poznaniu;2019
9788364818776;Odzyskaj energię;1;dr Jacob Teitelbaum;Biały Wiatr;2017
9788364818622;Pierwotne odżywianie;1;Ron Schmid;Biały Wiatr;2016
9788363671167;Słoń;0;Jenni Desmond;Łajka;2019
9788364818561;Kurkumina. Odpowiedź natury na raka...;1;dr Ajay Goel;Biały Wiatr;2016
9788364714764;Lalki: teatr, film, polityka;1;praca zbiorowa;Zachęta;2019
9788364818899;Zakochaj się w tym, co jest;1;Jeff Foster;Biały Wiatr;2016
9788380182431;Problemy bezpiecz. i zarządzania kryzysowego T.1;1;R. Gogolin Marek;Uniwersytet Kazimierza Wielkiego;2019
5902277209887;Kalendarz szkolny A5/352 Standard Mat+UV;1;;INTERDRUK;
9788364818639;Witamina C. Historia prawdziwa;1;Andrew W. Saul, Steve Hickey;Biały Wiatr;2016
9788365741264;Zarządzanie biblioteką;1;Maja Wojciechowska;SBP;2019
9788381720816;Wierszyki łamiące języki. Mistrz cza-czy;1;Anna Willman;Dragon;2019
9788322936368;Globalne i lokalne perspektywy bezpiecz.państwa;1;praca zbiorowa;Wydawnictwo Uniwersytetu Wrocławskiego;2018
9788378657866;Niepoprawny istnieniowiec;1;Dariusz Szczukowski;Wydawnictwo Uniwersytetu Gdańskiego;2019
9788301206789;Rewitalizacja terenów poprzemysłowych;1;Maciejewska Alina, Turek Agnieszka;Wydawnictwo Naukowe PWN;2019
9788301206826;Geologia Europy;1;Włodzimierz Mizerski;Wydawnictwo Naukowe PWN;2019
9788395347207;Zachowanie płodności w chorobach nowotworowych;1;Katarzyna Pankiewicz, Grzegorz Szewczyk;Medical Tribune;2019
9788365304858;Kapitalizm wyczerpania?;1;Andrzej Szahaj;Książka i Prasa;2019
8436538674185;Snot It;1;;Dumel;
9788381607940;Przyszłość zawodów;1;Daniel Susskind, Richard Susskind;Wolters Kluwer;2019
9788381608725;Wykonywanie zawodu lekarza i lekarza dentysty;1;Radosław Tymiński;Wolters Kluwer;2019
9788381474795;Trzecia terapia;1;Danuta Chlupova;Novae Res;2019
9788381475327;Nowy gatunek;1;Izabela Zawis;Novae Res;2019
9788328357129;Jak naprawić sprzęt elektroniczny;1;Michael Jay Geier;Helion;2019
9788328347038;Programowanie funkcyjne w języku C++;1;Cukic Ivan;Helion;2019
9788328352537;Gitara dla bystrzaków w.4;1;Jon Chappell, Mark Phillips;Septem;2019
9788377351116;Kompetencje personalne i społeczne ćw. w.2019;1;Anna Krajewska;Ekonomik;2019
9788491791317;Frecuencias A1.1 podręcznik + zawartość online;1;praca zbiorowa;Editorial;
9788366371002;Stary polski kryminał. Tajemnica Kanału La Manche;1;Marek Romański;Wydawnictwo CM;2019
9788491793113;Frecuencias A1.1 ćwiczenia;1;Marina Garca, Jess Esteban;Editorial;
9788366371088;Kryminały przedwojennej W-wy. Przez namiętność..;1;Daniel Bachrach;Wydawnictwo CM;2019
9788380802384;Ja i mój świat 3 Lekcje dla... Piosenki + CD;0;praca zbiorowa;Harmonia;
9788380802391;Ja i mój świat 2 Lekcje dla.. Piosenki + CD;1;praca zbiorowa;Harmonia;
9788364818783;Technologia Standardu;1;Geoffrey Hoppe (vel Adamus/Tobiasz), Linda Hoppe;Biały Wiatr;2018
9788364818547;Rewolucja miłości... zaczyna się od ciebie;1;Matt Kahn;Biały Wiatr;2016
9788364818448;Hypoadrenia. Wyczerpanie nadnerczy;1;Lukas McGregor;Biały Wiatr;2016
9788364818387;Język cudów;1;Amelia Kinkade;Biały Wiatr;2016
9788380802162;Mój rok cz.3;1;Agnieszka Borowska-Kociemba, Małgorzata Krukowska;Harmonia;
9788364818844;Antybiotyki ziołowe;1;Stephen Harrod Buhner;Biały Wiatr;2019
9788394604165;Regeneracja. Droga do wolności;1;Russell Brand;Biały Wiatr;2018
9788364818004;Bez kontroli;1;dr Shefali Tsabary;Biały Wiatr;2015
9788364818400;Droga prawdziwego mężczyzny;1;David Deida;Biały Wiatr;2015
9788381431491;Krótki kurs szpiegowania;1;Piotr Niemczyk, Jan Kapela;Czarna Owca;2019
9788324049745;Pół na pół. Rozmowy nie dla dzieci;1;Hołownia Szymon, Prokop Marcin;Znak;2019
9788376726243;Asiunia w.2019;1;Joanna Papuzińska, Maciej Szymanowicz;Literatura;2019
9788366356245;Kreatywne kolorowanie Lama and Unicorny;1;praca zbiorowa;Books And Fun;2019
9788366356238;Kreatywne kolorowanie Kawaii and Doodle;1;praca zbiorowa;Books And Fun;2019
9788381770361;Cudne manowce. Wszystko, co w Polsce najlepsze;1;Magda Grzebyk;Edipresse Książki;2019
9788381772204;Naprawdę jaki jesteś;1;Agnieszka Walczak-Chojecka;Edipresse Książki;2019
9788381772228;Sekrety pani pułkownikowej;1;Dorota Ponińska;Edipresse Książki;2019
9788381770132;W poszukiwaniu prawdy;1;Nora Roberts;Edipresse Książki;2019
4005556111626;LOL Surprise Kula 3D 72 el.;1;;Ravensburger;
8886457668992;Pocket Morphers III mix figurek;1;;TM Toys;
9788381770033;Mrok i śmierć;1;J.D. Robb;Edipresse Książki;2019
9788381640398;Makarony świata;1;Beata Pawlikowska;Edipresse Książki;2019
9788365773616;Zagadki CzuCzu z dziurką 2+;1;;Bright Junior Media;
9788365773609;Moje pierwsze zagadki CzuCzu 2+;1;;Bright Junior Media;
9788365773593;Moje pierwsze zagadki CzuCzu 18 mies.+;1;;Bright Junior Media;
9788365773289;CzuCzu Dźwięki Pojazdy;1;;Bright Junior Media;
9788381540698;Kolorowy świat przedszkolaka. Pojazdy;1;praca zbiorowa;Zielona Sowa;2019
5050841695915;Flota miejska - Autobus;1;;Dumel;
9788395394096;Album z opowieściami. Pewna historia;1;Antonis Georgiou;Książkowe Klimaty;2019
9788322792339;Jak chłop u diabła pieniądze pożyczał;1;Anna Michalec, Stanisława Niebrzegowska-Bartmińska;UMCS;2019
9788322792391;Media społecznościowe w trzecim sektorze;1;Ilona Dąbrowska;UMCS;2019
9788322792094;Dyplomacja i polityka. Ros-poi słownik przekładowy;1;Ewa Białek;UMCS;2019
9788322792520;Na drogach i bezdrożach historii psychologii T.7;1;red. Cezary W. Domański, Teresa Rzepa;UMCS;2019
9788322792452;We władzy blogów;1;Karolina Burno-Kaliszuk;UMCS;2019
9788363522711;Plusk!;1;Canizales;Tatarak;2019
9788365982353;Spod ostrza gilotyny;1;Marian Małecki;Inforteditions;2019
9781471576218;On Screen SB A2+/B1 + DigiBook;1;Jenny Dooley , Virginia Evans;Express Publishing;2019
5906948834491;Kalendarz 2020 Pejzaże 7 planszowy RADWAN;1;;Radwan;2019
5906948834484;Kalendarz 2020 Tatry 7 planszowy RADWAN;1;;Radwan;2019
5906948834378;Kalendarz 2020 Kwiaty 13 planszowy RADWAN;1;;Radwan;2019
9788302182235;Repetytorium i testy egz. Kwal. AU.22.;1;Joanna Śliżewska, Grażyna Karpus, Justyna Stochaj;WSiP;
5906948834033;Kalendarz 2020 Psy 13 planszowy RADWAN;1;;Radwan;2019
5055918626168;Pusheen Skarbonka;1;;Blueprint;
9788324070350;Dziennik Noel;1;Richard Paul Evans;Znak;2019
5055918640577;Pusheen Parasolka;1;;Blueprint;
5906948834460;Kalendarz 2020 Koty 7 planszowy RADWAN;1;;Radwan;2019
5055918640546;Pusheen Plecak różowy;1;;Blueprint;
5906948834477;Kalendarz 2020 Kwiaty 7 planszowy RADWAN;1;;Radwan;2019
5906948834385;Kalendarz 2020 Tatry 13 planszowy RADWAN;1;;Radwan;2019
5906948834064;Kalendarz 2020 Koty 13 planszowy RADWAN;1;;Radwan;2019
9788302187575;Obsługa magazynów. Kwal. SPL.01. Podr. cz.1;1;Jarosław Stolarski, Joanna Śliżewska, Anna Rożej, Dorota Zadrożna;WSiP;
5055918640539;Pusheen Portfel silikonowy;1;;Blueprint;
5906948834361;Kalendarz 2020 Konie 13 planszowy RADWAN;1;;Radwan;2019
5055918640522;Pusheen Piórnik;1;;Blueprint;
5055918640515;Pusheen Kubek podróżny;1;;Blueprint;
5906948834392;Kalendarz 2020 Pejzaże 13 planszowy RADWAN;1;;Radwan;2019
5055918640492;Pusheen Butelka na wodę;1;;Blueprint;
9788302181887;Organizacja i kontrola robót bud. Kwal.BD.30. cz.2;1;;WSiP;
